{"cameraMode":{"drawMode":0,"name":"Shaded","section":"Shading Mode"},"sceneLighting":false,"audioPlay":false,"sceneViewState":{"m_AlwaysRefresh":false,"showFog":true,"showSkybox":false,"showFlares":true,"showImageEffects":true,"showParticleSystems":true,"showVisualEffectGraphs":true,"m_FxEnabled":true},"in2DMode":false,"pivot":{"x":0.5115346908569336,"y":2.3540945053100588,"z":12.572555541992188},"rotation":{"x":-0.00004851526318816468,"y":0.9998840093612671,"z":0.014689642004668713,"w":0.003300631185993552},"size":21.81462287902832,"orthographic":false}